{
	"format_version": "1.12.0",
	"minecraft:geometry": [
		{
			"description": {
				"identifier": "geometry.ufo",
				"texture_width": 256,
				"texture_height": 256,
				"visible_bounds_width": 7,
				"visible_bounds_height": 3.5,
				"visible_bounds_offset": [0, 1.25, 0]
			},
			"bones": [
				{
					"name": "bone",
					"pivot": [0.02599, 5.50121, 0.02428],
					"cubes": [
						{
							"origin": [-36.44385, 4.99148, 9.89192],
							"size": [36, 8, 20],
							"pivot": [-19.69385, 9.99148, 19.89192],
							"rotation": [-14.51082, 43.07952, -20.75357],
							"uv": {
								"north": {"uv": [192, 0], "uv_size": [36, 8]},
								"east": {"uv": [52, 207], "uv_size": [20, 8]},
								"south": {"uv": [192, 8], "uv_size": [36, 8]},
								"west": {"uv": [72, 207], "uv_size": [20, 8]},
								"up": {"uv": [144, 116], "uv_size": [36, 20]},
								"down": {"uv": [132, 164], "uv_size": [36, -20]}
							}
						},
						{
							"origin": [1.36047, 5.21934, -27.6624],
							"size": [36, 8, 20],
							"pivot": [17.86047, 9.21934, -17.6624],
							"rotation": [14.51082, 43.07952, 20.75357],
							"uv": {
								"north": {"uv": [104, 190], "uv_size": [36, 8]},
								"east": {"uv": [204, 117], "uv_size": [20, 8]},
								"south": {"uv": [140, 191], "uv_size": [36, 8]},
								"west": {"uv": [32, 205], "uv_size": [20, 8]},
								"up": {"uv": [96, 144], "uv_size": [36, 20]},
								"down": {"uv": [144, 116], "uv_size": [36, -20]}
							}
						},
						{
							"origin": [-36.98357, 5.21934, -28.19273],
							"size": [36, 8, 20],
							"pivot": [-18.23357, 9.21934, -18.19273],
							"rotation": [14.51082, -43.07952, -20.75357],
							"uv": {
								"north": {"uv": [32, 190], "uv_size": [36, 8]},
								"east": {"uv": [204, 101], "uv_size": [20, 8]},
								"south": {"uv": [68, 190], "uv_size": [36, 8]},
								"west": {"uv": [204, 109], "uv_size": [20, 8]},
								"up": {"uv": [144, 56], "uv_size": [36, 20]},
								"down": {"uv": [144, 96], "uv_size": [36, -20]}
							}
						},
						{
							"origin": [1, 4, 13],
							"size": [36, 8, 20],
							"pivot": [23, 16, 23],
							"rotation": [-14.51082, -43.07952, 20.75357],
							"uv": {
								"north": {"uv": [184, 178], "uv_size": [36, 8]},
								"east": {"uv": [204, 34], "uv_size": [20, 8]},
								"south": {"uv": [184, 186], "uv_size": [36, 8]},
								"west": {"uv": [204, 93], "uv_size": [20, 8]},
								"up": {"uv": [144, 16], "uv_size": [36, 20]},
								"down": {"uv": [144, 56], "uv_size": [36, -20]}
							}
						},
						{
							"origin": [-24, -5, -24],
							"size": [48, 16, 48],
							"uv": {
								"north": {"uv": [96, 96], "uv_size": [48, 16]},
								"east": {"uv": [96, 112], "uv_size": [48, 16]},
								"south": {"uv": [96, 128], "uv_size": [48, 16]},
								"west": {"uv": [144, 0], "uv_size": [48, 16]},
								"up": {"uv": [96, 0], "uv_size": [48, 48]},
								"down": {"uv": [96, 96], "uv_size": [48, -48]}
							}
						},
						{
							"origin": [-32, -1, -44],
							"size": [16, 9, 24],
							"pivot": [-32, 3.5, -32],
							"rotation": [0, -45, 0],
							"uv": {
								"north": {"uv": [208, 194], "uv_size": [16, 9]},
								"east": {"uv": [204, 16], "uv_size": [24, 9]},
								"south": {"uv": [208, 203], "uv_size": [16, 9]},
								"west": {"uv": [204, 25], "uv_size": [24, 9]},
								"up": {"uv": [0, 184], "uv_size": [16, 24]},
								"down": {"uv": [16, 208], "uv_size": [16, -24]}
							}
						},
						{
							"origin": [-44, -1, 16],
							"size": [24, 9, 16],
							"pivot": [-32, 3.5, 32],
							"rotation": [0, -45, 0],
							"uv": {
								"north": {"uv": [160, 202], "uv_size": [24, 9]},
								"east": {"uv": [124, 208], "uv_size": [16, 9]},
								"south": {"uv": [184, 202], "uv_size": [24, 9]},
								"west": {"uv": [140, 208], "uv_size": [16, 9]},
								"up": {"uv": [180, 96], "uv_size": [24, 16]},
								"down": {"uv": [180, 128], "uv_size": [24, -16]}
							}
						},
						{
							"origin": [16, -1, 20],
							"size": [16, 9, 24],
							"pivot": [32, 3.5, 32],
							"rotation": [0, -45, 0],
							"uv": {
								"north": {"uv": [0, 208], "uv_size": [16, 9]},
								"east": {"uv": [112, 198], "uv_size": [24, 9]},
								"south": {"uv": [16, 208], "uv_size": [16, 9]},
								"west": {"uv": [136, 199], "uv_size": [24, 9]},
								"up": {"uv": [180, 48], "uv_size": [16, 24]},
								"down": {"uv": [180, 96], "uv_size": [16, -24]}
							}
						},
						{
							"origin": [20, -1, -32],
							"size": [24, 9, 16],
							"pivot": [32, 3.5, -32],
							"rotation": [0, -45, 0],
							"uv": {
								"north": {"uv": [64, 198], "uv_size": [24, 9]},
								"east": {"uv": [92, 207], "uv_size": [16, 9]},
								"south": {"uv": [88, 198], "uv_size": [24, 9]},
								"west": {"uv": [108, 207], "uv_size": [16, 9]},
								"up": {"uv": [180, 16], "uv_size": [24, 16]},
								"down": {"uv": [180, 48], "uv_size": [24, -16]}
							}
						},
						{
							"origin": [-24, 0, -40],
							"size": [48, 7, 80],
							"pivot": [0, 3, 0],
							"rotation": [0, -90, 0],
							"uv": {
								"north": {"uv": [180, 128], "uv_size": [48, 7]},
								"east": {"uv": [128, 164], "uv_size": [80, 7]},
								"south": {"uv": [184, 171], "uv_size": [48, 7]},
								"west": {"uv": [168, 143], "uv_size": [80, 7]},
								"up": {"uv": [0, 80], "uv_size": [48, 80]},
								"down": {"uv": [48, 160], "uv_size": [48, -80]}
							}
						},
						{
							"origin": [-24, 0, -40],
							"size": [48, 7, 80],
							"uv": {
								"north": {"uv": [168, 150], "uv_size": [48, 7]},
								"east": {"uv": [144, 136], "uv_size": [80, 7]},
								"south": {"uv": [168, 157], "uv_size": [48, 7]},
								"west": {"uv": [48, 164], "uv_size": [80, 7]},
								"up": {"uv": [0, 0], "uv_size": [48, 80]},
								"down": {"uv": [48, 80], "uv_size": [48, -80]}
							}
						}
					]
				},
				{
					"name": "bone2",
					"pivot": [0.026, 5.5012, 0.0243],
					"cubes": [
						{
							"origin": [-12, 12, -12],
							"size": [24, 18, 24],
							"uv": {
								"north": {"uv": [48, 171], "uv_size": [24, 19]},
								"east": {"uv": [72, 171], "uv_size": [24, 19]},
								"south": {"uv": [96, 171], "uv_size": [24, 19]},
								"west": {"uv": [120, 171], "uv_size": [24, 19]},
								"up": {"uv": [0, 160], "uv_size": [24, 24]},
								"down": {"uv": [24, 184], "uv_size": [24, -24]}
							}
						},
						{
							"origin": [-10, 30, -10],
							"size": [20, 6, 20],
							"uv": {
								"north": {"uv": [204, 42], "uv_size": [20, 5]},
								"east": {"uv": [80, 216], "uv_size": [20, 5]},
								"south": {"uv": [100, 216], "uv_size": [20, 5]},
								"west": {"uv": [216, 150], "uv_size": [20, 5]},
								"up": {"uv": [144, 171], "uv_size": [20, 20]},
								"down": {"uv": [164, 191], "uv_size": [20, -20]}
							}
						},
						{
							"origin": [-8, 11, 8],
							"size": [16, 7, 8],
							"pivot": [0, 14.5, 0],
							"rotation": [0, -90, 0],
							"uv": {
								"north": {"uv": [48, 215], "uv_size": [16, 7]},
								"east": {"uv": [128, 217], "uv_size": [8, 7]},
								"south": {"uv": [64, 215], "uv_size": [16, 7]},
								"west": {"uv": [136, 217], "uv_size": [8, 7]},
								"up": {"uv": [188, 211], "uv_size": [16, 8]},
								"down": {"uv": [204, 220], "uv_size": [16, -8]}
							}
						},
						{
							"origin": [-8, 11, -16],
							"size": [16, 7, 8],
							"pivot": [0, 14.5, 0],
							"rotation": [0, -90, 0],
							"uv": {
								"north": {"uv": [208, 164], "uv_size": [16, 7]},
								"east": {"uv": [24, 217], "uv_size": [8, 7]},
								"south": {"uv": [32, 213], "uv_size": [16, 7]},
								"west": {"uv": [120, 217], "uv_size": [8, 7]},
								"up": {"uv": [156, 211], "uv_size": [16, 8]},
								"down": {"uv": [172, 219], "uv_size": [16, -8]}
							}
						},
						{
							"origin": [-16, 11, -16],
							"size": [32, 7, 8],
							"uv": {
								"north": {"uv": [196, 86],